<?xml version="1.0" encoding="UTF-8"?>
<project-private xmlns="http://www.netbeans.org/ns/project-private/1">
    <editor-bookmarks xmlns="http://www.netbeans.org/ns/editor-bookmarks/2" lastBookmarkId="0"/>
    <open-files xmlns="http://www.netbeans.org/ns/projectui-open-files/2">
        <group>
            <file>file:/C:/xampp/tomcat/webapps/javaproject/WebApplication1/web/WEB-INF/applicationContext.xml</file>
            <file>file:/C:/xampp/tomcat/webapps/javaproject/WebApplication1/web/WEB-INF/jsp/index.jsp</file>
            <file>file:/C:/xampp/tomcat/webapps/javaproject/WebApplication1/src/java/Controller/AdditionController.java</file>
            <file>file:/C:/xampp/tomcat/webapps/javaproject/WebApplication1/src/java/Service/AdditionService.java</file>
            <file>file:/C:/xampp/tomcat/webapps/javaproject/WebApplication1/src/java/Controller/Addition.java</file>
            <file>file:/C:/xampp/tomcat/webapps/javaproject/WebApplication1/web/redirect.jsp</file>
            <file>file:/C:/xampp/tomcat/webapps/javaproject/WebApplication1/web/WEB-INF/jsp/input.jsp</file>
            <file>file:/C:/xampp/tomcat/webapps/javaproject/WebApplication1/web/WEB-INF/jsp/result.jsp</file>
            <file>file:/C:/xampp/tomcat/webapps/javaproject/WebApplication1/web/WEB-INF/dispatcher-servlet.xml</file>
            <file>file:/C:/xampp/tomcat/webapps/javaproject/WebApplication1/web/WEB-INF/web.xml</file>
        </group>
    </open-files>
</project-private>
